id,monthly_rent,sq_meters,bedrooms,bathrooms,city,neighborhood,floor,elevator,inserted_at,parking,month,price_per_square_meter
178145,2125,67.0,1,1,Berlin,Lichtenberg,0.0,False,2023-08-16 04:16:38,False,2023-08,31.72
179280,850,40.0,1,1,Berlin,Wedding,3.0,False,2023-08-20 04:05:50,False,2023-08,21.25
178079,1995,40.0,1,1,Berlin,Pankow,2.0,False,2023-08-16 04:06:09,False,2023-08,49.88
178117,1118,73.0,2,1,Berlin,Wedding,3.0,False,2023-08-16 04:10:33,False,2023-08,15.32
178151,1490,50.0,1,1,Berlin,Pankow,1.0,False,2023-08-16 04:18:08,False,2023-08,29.8
178087,848,33.0,1,1,Berlin,Wilmersdorf,1.0,False,2023-08-16 04:07:14,False,2023-08,25.7
178127,1150,67.0,1,1,Berlin,Schoneberg,3.0,False,2023-08-16 04:13:53,False,2023-08,17.16
179287,2150,156.0,1,1,Berlin,Mitte,2.0,False,2023-08-20 04:06:56,False,2023-08,13.78
178951,1200,34.0,1,1,Berlin,Wilmersdorf,0.0,False,2023-08-19 04:05:47,False,2023-08,35.29
178329,2481,101.0,3,2,Berlin,Spandau,5.0,False,2023-08-17 04:21:59,False,2023-08,24.56
178294,1125,22.0,1,1,Berlin,Moabit,13.0,False,2023-08-17 04:14:38,False,2023-08,51.14
178327,865,31.0,1,1,Berlin,Steglitz,3.0,False,2023-08-17 04:21:14,False,2023-08,27.9
178984,1947,105.0,2,1,Berlin,Prenzlauer-Berg,2.0,False,2023-08-19 04:09:19,False,2023-08,18.54
178408,944,83.0,2,1,Berlin,Charlottenburg,7.0,False,2023-08-17 04:34:19,False,2023-08,11.37
179022,1370,63.0,1,1,Berlin,Kreuzberg,2.0,False,2023-08-19 04:13:52,False,2023-08,21.75
178665,1600,80.0,2,1,Berlin,Pankow,4.0,False,2023-08-18 04:27:36,False,2023-08,20.0
178533,972,45.0,1,1,Berlin,Wilmersdorf,4.0,False,2023-08-18 04:06:13,False,2023-08,21.6
178696,850,19.0,1,1,Berlin,Gesundbrunnen,3.0,False,2023-08-18 04:33:48,True,2023-08,44.74
178550,2180,72.0,2,2,Berlin,Kreuzberg,0.0,False,2023-08-18 04:08:15,False,2023-08,30.28
178562,3500,93.0,3,1,Berlin,Kreuzberg,5.0,False,2023-08-18 04:09:35,False,2023-08,37.63
179827,2740,104.0,3,2,Berlin,Charlottenburg,4.0,False,2023-08-21 04:11:39,True,2023-08,26.35
205959,1198,64.0,1,1,Berlin,Spandau,1.0,False,2023-10-21 04:25:52,False,2023-10,18.72
206458,950,65.0,2,1,Berlin,Neukolln,0.0,False,2023-10-22 04:23:02,False,2023-10,14.62
179895,3943,73.0,2,2,Berlin,Pankow,5.0,False,2023-08-21 04:23:34,False,2023-08,54.01
179916,1280,50.0,1,1,Berlin,Spandau,4.0,False,2023-08-21 04:27:35,False,2023-08,25.6
205894,1217,22.0,1,1,Berlin,Mitte,14.0,False,2023-10-21 04:12:39,False,2023-10,55.32
179856,690,45.0,1,1,Berlin,Gesundbrunnen,1.0,False,2023-08-21 04:17:38,False,2023-08,15.33
179800,1700,73.0,2,1,Berlin,Mitte,9.0,False,2023-08-21 04:08:29,False,2023-08,23.29
216780,1884,62.0,1,1,Berlin,Moabit,3.0,False,2023-11-11 04:04:09,False,2023-11,30.39
217602,3320,73.0,2,1,Berlin,Mitte,3.0,False,2023-11-12 04:29:15,True,2023-11,45.48
206473,1148,70.0,3,1,Berlin,Pankow,0.0,False,2023-10-22 04:25:52,False,2023-10,16.4
206424,1230,49.0,1,1,Berlin,Wilmersdorf,2.0,False,2023-10-22 04:16:07,False,2023-10,25.1
206485,1468,48.0,1,1,Berlin,Charlottenburg,2.0,False,2023-10-22 04:29:31,False,2023-10,30.58
205947,642,36.0,1,1,Berlin,Lichtenberg,5.0,False,2023-10-21 04:23:27,False,2023-10,17.83
216857,3050,124.0,2,2,Berlin,Schoneberg,1.0,False,2023-11-11 04:13:06,False,2023-11,24.6
216887,915,62.0,1,1,Berlin,Spandau,10.0,False,2023-11-11 04:17:31,False,2023-11,14.76
205930,888,74.0,2,1,Berlin,Pankow,1.0,False,2023-10-21 04:19:25,True,2023-10,12.0
206721,1300,24.0,1,1,Berlin,Mitte,16.0,False,2023-10-23 04:11:24,False,2023-10,54.17
179793,2417,139.0,4,2,Berlin,Friedrichshain,4.0,False,2023-08-21 04:07:35,False,2023-08,17.39
179802,1699,65.0,1,1,Berlin,Moabit,5.0,False,2023-08-21 04:08:41,False,2023-08,26.14
206043,2962,118.0,1,1,Berlin,Prenzlauer-Berg,5.0,False,2023-10-21 04:45:50,False,2023-10,25.1
206571,1150,52.0,2,1,Berlin,Spandau,6.0,False,2023-10-22 04:47:49,False,2023-10,22.12
206711,2650,130.0,4,2,Berlin,Wilmersdorf,6.0,False,2023-10-23 04:10:04,True,2023-10,20.38
180018,1513,89.0,1,1,Berlin,Lichtenberg,2.0,False,2023-08-22 04:19:48,False,2023-08,17.0
206883,1519,66.0,2,1,Berlin,Kreuzberg,1.0,False,2023-10-24 04:07:12,False,2023-10,23.02
217547,1700,101.0,1,1,Berlin,Charlottenburg,3.0,False,2023-11-12 04:22:17,False,2023-11,16.83
180005,736,68.0,3,1,Berlin,Neukolln,18.0,False,2023-08-22 04:15:58,False,2023-08,10.82
206902,1030,56.0,1,1,Berlin,Moabit,7.0,False,2023-10-24 04:10:31,True,2023-10,18.39
180345,1668,72.0,1,1,Berlin,Moabit,2.0,False,2023-08-23 04:12:11,True,2023-08,23.17
216872,931,29.0,1,1,Berlin,Lichtenberg,1.0,False,2023-11-11 04:16:06,False,2023-11,32.1
180370,1790,81.0,2,1,Berlin,Neukolln,3.0,False,2023-08-23 04:15:38,False,2023-08,22.1
180409,2490,52.0,1,1,Berlin,Prenzlauer-Berg,5.0,False,2023-08-23 04:22:55,False,2023-08,47.88
180487,870,28.0,1,1,Berlin,Mitte,4.0,False,2023-08-23 04:36:06,False,2023-08,31.07
180373,729,68.0,2,1,Berlin,Tempelhof,2.0,False,2023-08-23 04:16:10,False,2023-08,10.72
216996,858,66.0,1,1,Berlin,Lichtenberg,1.0,False,2023-11-11 04:32:10,False,2023-11,13.0
180405,615,39.0,1,1,Berlin,Pankow,1.0,False,2023-08-23 04:22:17,False,2023-08,15.77
180801,850,25.0,1,1,Berlin,Mitte,5.0,False,2023-08-24 04:15:41,False,2023-08,34.0
180819,1010,42.0,1,1,Berlin,Mitte,1.0,False,2023-08-24 04:18:02,False,2023-08,24.05
217475,1600,90.0,3,1,Berlin,Wedding,2.0,False,2023-11-12 04:11:48,True,2023-11,17.78
180923,2600,62.0,1,1,Berlin,Mitte,5.0,False,2023-08-24 04:35:41,False,2023-08,41.94
180932,3200,110.0,2,2,Berlin,Mitte,1.0,False,2023-08-24 04:37:45,True,2023-08,29.09
180936,1095,61.0,2,1,Berlin,Spandau,1.0,False,2023-08-24 04:38:29,False,2023-08,17.95
180940,1260,90.0,4,1,Berlin,Spandau,1.0,False,2023-08-24 04:39:05,False,2023-08,14.0
181191,1960,61.0,3,1,Berlin,Lichtenberg,2.0,False,2023-08-25 04:24:35,False,2023-08,32.13
181292,1300,39.0,1,1,Berlin,Pankow,4.0,False,2023-08-25 04:40:28,False,2023-08,33.33
217821,929,35.0,1,1,Berlin,Spandau,5.0,False,2023-11-13 04:14:07,True,2023-11,26.54
181144,824,60.0,2,1,Berlin,Neukolln,7.0,False,2023-08-25 04:17:32,False,2023-08,13.73
207467,1578,55.0,2,1,Berlin,Wedding,6.0,False,2023-10-25 04:18:21,False,2023-10,28.69
207432,1070,21.0,1,1,Berlin,Charlottenburg,2.0,False,2023-10-25 04:09:19,False,2023-10,50.95
207472,4600,128.0,2,2,Berlin,Schoneberg,8.0,False,2023-10-25 04:19:08,False,2023-10,35.94
207481,885,73.0,2,1,Berlin,Pankow,1.0,False,2023-10-25 04:22:15,False,2023-10,12.12
207436,1800,43.0,1,1,Berlin,Friedrichshain,1.0,False,2023-10-25 04:09:57,False,2023-10,41.86
207495,1180,53.0,1,1,Berlin,Moabit,6.0,False,2023-10-25 04:24:40,False,2023-10,22.26
181614,1181,89.0,3,1,Berlin,Charlottenburg,3.0,False,2023-08-26 04:07:13,False,2023-08,13.27
182021,2084,132.0,4,1,Berlin,Charlottenburg,2.0,False,2023-08-27 04:10:14,False,2023-08,15.79
181712,1500,78.0,3,1,Berlin,Neukolln,2.0,False,2023-08-26 04:21:23,False,2023-08,19.23
182010,799,45.0,1,1,Berlin,Mitte,3.0,False,2023-08-27 04:08:48,False,2023-08,17.76
181742,1000,60.0,2,1,Berlin,Pankow,3.0,False,2023-08-26 04:26:35,False,2023-08,16.67
182443,1650,80.0,2,1,Berlin,Pankow,5.0,False,2023-08-28 04:13:11,False,2023-08,20.62
181667,2284,81.0,3,2,Berlin,Mitte,5.0,False,2023-08-26 04:13:41,False,2023-08,28.2
181720,1220,75.0,1,1,Berlin,Mitte,1.0,False,2023-08-26 04:22:44,False,2023-08,16.27
181671,1679,62.0,1,1,Berlin,Mitte,5.0,False,2023-08-26 04:14:05,False,2023-08,27.08
182046,995,33.0,1,1,Berlin,Lichtenberg,4.0,False,2023-08-27 04:15:21,False,2023-08,30.15
182470,1700,56.0,2,1,Berlin,Steglitz,1.0,False,2023-08-28 04:21:55,False,2023-08,30.36
182047,1960,61.0,3,1,Berlin,Lichtenberg,2.0,False,2023-08-27 04:15:37,False,2023-08,32.13
182408,1820,46.0,2,1,Berlin,Moabit,7.0,False,2023-08-28 04:08:17,False,2023-08,39.57
181706,2620,115.0,3,2,Berlin,Neukolln,0.0,False,2023-08-26 04:20:48,False,2023-08,22.78
207810,4850,206.0,1,1,Berlin,Prenzlauer-Berg,4.0,False,2023-10-26 04:08:42,True,2023-10,23.54
182468,1650,60.0,1,1,Berlin,Pankow,1.0,False,2023-08-28 04:20:48,True,2023-08,27.5
207823,1294,92.0,3,2,Berlin,Pankow,1.0,False,2023-10-26 04:10:20,False,2023-10,14.07
182647,2100,65.0,1,1,Berlin,Mitte,1.0,False,2023-08-29 04:06:27,False,2023-08,32.31
182676,4000,116.0,2,1,Berlin,Charlottenburg,5.0,False,2023-08-29 04:09:58,False,2023-08,34.48
182663,2136,80.0,1,1,Berlin,Friedrichshain,7.0,False,2023-08-29 04:08:17,False,2023-08,26.7
182707,1960,61.0,3,1,Berlin,Lichtenberg,2.0,False,2023-08-29 04:15:38,False,2023-08,32.13
182683,2413,97.0,4,2,Berlin,Pankow,3.0,False,2023-08-29 04:10:41,True,2023-08,24.88
207929,2192,80.0,1,1,Berlin,Friedrichshain,1.0,False,2023-10-26 04:33:40,False,2023-10,27.4
182722,1500,90.0,1,1,Berlin,Spandau,7.0,False,2023-08-29 04:17:18,False,2023-08,16.67
208559,865,51.0,1,1,Berlin,Neukolln,1.0,False,2023-10-27 04:22:12,False,2023-10,16.96
208505,1800,60.0,2,1,Berlin,Friedrichshain,2.0,False,2023-10-27 04:09:08,False,2023-10,30.0
183091,1950,148.0,1,1,Berlin,Kreuzberg,4.0,False,2023-08-30 04:05:57,False,2023-08,13.18
208547,2470,84.0,1,1,Berlin,Neukolln,5.0,False,2023-10-27 04:19:54,False,2023-10,29.4
183171,2000,86.0,1,1,Berlin,Lichtenberg,0.0,False,2023-08-30 04:18:27,True,2023-08,23.26
208662,825,24.0,1,1,Berlin,Lichtenberg,0.0,False,2023-10-27 04:48:15,False,2023-10,34.38
208544,3999,93.0,3,1,Berlin,Charlottenburg,6.0,False,2023-10-27 04:19:22,True,2023-10,43.0
208637,2917,150.0,2,2,Berlin,Mitte,2.0,False,2023-10-27 04:42:29,True,2023-10,19.45
208684,1345,54.0,1,1,Berlin,Spandau,2.0,False,2023-10-27 04:53:10,True,2023-10,24.91
183562,2690,79.0,2,1,Berlin,Charlottenburg,2.0,False,2023-08-31 04:07:34,False,2023-08,34.05
183564,2105,90.0,1,1,Berlin,Charlottenburg,4.0,False,2023-08-31 04:07:41,False,2023-08,23.39
183588,2800,139.0,3,2,Berlin,Mitte,1.0,False,2023-08-31 04:11:40,False,2023-08,20.14
209025,1500,50.0,1,1,Berlin,Charlottenburg,2.0,False,2023-10-28 04:13:31,False,2023-10,30.0
209191,1880,50.0,1,1,Berlin,Mitte,15.0,False,2023-10-28 04:47:13,False,2023-10,37.6
209886,1200,70.0,1,1,Berlin,Steglitz,1.0,False,2023-10-30 04:13:48,False,2023-10,17.14
209105,4820,226.0,3,2,Berlin,Spandau,0.0,False,2023-10-28 04:32:33,True,2023-10,21.33
183656,1327,57.0,2,1,Berlin,Lichtenberg,0.0,False,2023-08-31 04:24:34,False,2023-08,23.28
209950,2000,75.0,2,1,Berlin,Neukolln,4.0,False,2023-10-30 04:30:23,False,2023-10,26.67
183635,1480,84.0,1,1,Berlin,Pankow,1.0,False,2023-08-31 04:21:43,False,2023-08,17.62
183642,1423,56.0,1,1,Berlin,Lichtenberg,5.0,False,2023-08-31 04:22:45,False,2023-08,25.41
209104,1550,80.0,1,1,Berlin,Steglitz,5.0,False,2023-10-28 04:32:08,False,2023-10,19.38
209638,1850,80.0,2,1,Berlin,Moabit,3.0,False,2023-10-29 04:19:42,False,2023-10,23.12
209006,1490,42.0,1,1,Berlin,Kreuzberg,2.0,False,2023-10-28 04:10:14,False,2023-10,35.48
209106,893,55.0,1,1,Berlin,Spandau,3.0,False,2023-10-28 04:32:38,False,2023-10,16.24
183654,1523,65.0,2,1,Berlin,Lichtenberg,2.0,False,2023-08-31 04:24:12,False,2023-08,23.43
183747,1258,49.0,2,1,Berlin,Lichtenberg,2.0,False,2023-08-31 04:39:38,False,2023-08,25.67
209041,1600,58.0,1,1,Berlin,Mitte,5.0,False,2023-10-28 04:15:49,False,2023-10,27.59
209926,1600,60.0,2,1,Berlin,Pankow,0.0,False,2023-10-30 04:24:06,False,2023-10,26.67
209914,2000,93.0,3,1,Berlin,Kreuzberg,7.0,False,2023-10-30 04:19:19,False,2023-10,21.51
209866,4400,150.0,5,2,Berlin,Mitte,5.0,False,2023-10-30 04:09:46,False,2023-10,29.33
209045,1995,171.0,5,1,Berlin,Moabit,3.0,False,2023-10-28 04:16:47,False,2023-10,11.67
184029,1652,1.422,1,1,Berlin,Pankow,2.0,False,2023-09-01 04:18:12,True,2023-09,1161.74
184184,1883,82.0,3,2,Berlin,Lichtenberg,1.0,False,2023-09-01 04:41:20,False,2023-09,22.96
209644,2800,100.0,2,2,Berlin,Moabit,1.0,False,2023-10-29 04:20:26,False,2023-10,28.0
184159,2742,135.0,4,3,Berlin,Charlottenburg,0.0,False,2023-09-01 04:37:16,False,2023-09,20.31
184064,1755,74.0,3,1,Berlin,Lichtenberg,1.0,False,2023-09-01 04:22:57,False,2023-09,23.72
184051,1493,62.0,2,1,Berlin,Lichtenberg,4.0,False,2023-09-01 04:21:36,False,2023-09,24.08
184055,1493,62.0,2,1,Berlin,Lichtenberg,3.0,False,2023-09-01 04:21:54,False,2023-09,24.08
184693,1755,61.0,1,1,Berlin,Friedrichshain,3.0,False,2023-09-02 04:42:25,True,2023-09,28.77
184472,1350,38.0,1,1,Berlin,Moabit,3.0,False,2023-09-02 04:09:44,False,2023-09,35.53
184584,1020,59.0,1,1,Berlin,Lichtenberg,6.0,False,2023-09-02 04:26:31,True,2023-09,17.29
185012,2700,131.0,1,1,Berlin,Spandau,2.0,False,2023-09-03 04:25:55,True,2023-09,20.61
185102,1200,77.0,1,1,Berlin,Pankow,3.0,False,2023-09-04 04:14:57,False,2023-09,15.58
184580,1960,61.0,3,1,Berlin,Lichtenberg,2.0,False,2023-09-02 04:26:23,False,2023-09,32.13
185104,1000,50.0,2,1,Berlin,Pankow,2.0,False,2023-09-04 04:15:16,False,2023-09,20.0
184611,1699,68.0,1,1,Berlin,Spandau,5.0,False,2023-09-02 04:31:35,True,2023-09,24.99
184712,1700,70.0,1,1,Berlin,Charlottenburg,4.0,False,2023-09-02 04:48:24,False,2023-09,24.29
184464,1349,29.0,2,1,Berlin,Moabit,16.0,False,2023-09-02 04:08:51,False,2023-09,46.52
184593,1503,95.0,3,2,Berlin,Lichtenberg,3.0,False,2023-09-02 04:27:35,False,2023-09,15.82
184559,580,45.0,1,1,Berlin,Wedding,1.0,False,2023-09-02 04:23:09,False,2023-09,12.89
185073,3110,85.0,3,1,Berlin,Charlottenburg,4.0,False,2023-09-04 04:09:55,False,2023-09,36.59
185128,1960,61.0,3,1,Berlin,Lichtenberg,2.0,False,2023-09-04 04:17:59,False,2023-09,32.13
184692,1754,61.0,1,1,Berlin,Friedrichshain,6.0,False,2023-09-02 04:42:23,True,2023-09,28.75
184595,1835,74.0,3,1,Berlin,Lichtenberg,4.0,False,2023-09-02 04:27:58,False,2023-09,24.8
184733,1267,52.0,2,1,Berlin,Lichtenberg,2.0,False,2023-09-02 04:50:45,False,2023-09,24.37
185064,1470,62.0,2,1,Berlin,Wilmersdorf,1.0,False,2023-09-04 04:08:50,False,2023-09,23.71
185061,2300,89.0,1,2,Berlin,Charlottenburg,4.0,False,2023-09-04 04:08:37,False,2023-09,25.84
184957,1300,30.0,1,1,Berlin,Lichtenberg,2.0,False,2023-09-03 04:17:37,False,2023-09,43.33
185069,1200,31.0,1,1,Berlin,Wilmersdorf,3.0,False,2023-09-04 04:09:22,False,2023-09,38.71
185339,2180,72.0,2,2,Berlin,Kreuzberg,0.0,False,2023-09-05 04:06:38,False,2023-09,30.28
185344,2440,75.0,2,1,Berlin,Kreuzberg,3.0,False,2023-09-05 04:07:14,False,2023-09,32.53
185349,2598,113.0,3,2,Berlin,Kreuzberg,6.0,False,2023-09-05 04:07:49,False,2023-09,22.99
185355,1720,65.0,1,1,Berlin,Charlottenburg,2.0,False,2023-09-05 04:08:30,False,2023-09,26.46
185337,1600,64.0,2,2,Berlin,Pankow,1.0,False,2023-09-05 04:06:13,False,2023-09,25.0
185371,1390,87.0,3,1,Berlin,Gesundbrunnen,6.0,False,2023-09-05 04:11:25,False,2023-09,15.98
185399,1600,80.0,3,1,Berlin,Lichtenberg,1.0,False,2023-09-05 04:15:58,False,2023-09,20.0
185392,1150,64.0,2,1,Berlin,Pankow,4.0,False,2023-09-05 04:14:52,True,2023-09,17.97
185411,730,68.0,1,1,Berlin,Spandau,1.0,False,2023-09-05 04:17:56,False,2023-09,10.74
186046,2996,107.0,2,1,Berlin,Mitte,2.0,False,2023-09-06 04:06:35,False,2023-09,28.0
186058,1096,51.0,2,1,Berlin,Moabit,4.0,False,2023-09-06 04:08:27,False,2023-09,21.49
186087,1800,45.0,1,1,Berlin,Wilmersdorf,0.0,False,2023-09-06 04:12:51,False,2023-09,40.0
186123,1759,85.0,2,1,Berlin,Schoneberg,2.0,False,2023-09-06 04:20:10,False,2023-09,20.69
186094,2150,93.0,1,2,Berlin,Pankow,4.0,False,2023-09-06 04:15:59,False,2023-09,23.12
186107,1745,64.0,1,1,Berlin,Neukolln,0.0,False,2023-09-06 04:17:54,False,2023-09,27.27
211481,834,45.0,1,1,Berlin,Pankow,2.0,False,2023-10-31 14:19:27,False,2023-10,18.53
211354,1705,47.0,1,0,Berlin,Wilmersdorf,6.0,False,2023-10-31 14:03:53,False,2023-10,36.28
186151,1724,70.0,3,1,Berlin,Lichtenberg,3.0,False,2023-09-06 04:27:42,False,2023-09,24.63
186258,1690,65.0,1,1,Berlin,Pankow,2.0,False,2023-09-06 04:43:50,True,2023-09,26.0
186686,1370,54.0,1,1,Berlin,Prenzlauer-Berg,5.0,False,2023-09-07 04:07:32,False,2023-09,25.37
186693,2465,120.0,2,2,Berlin,Kreuzberg,5.0,False,2023-09-07 04:08:28,False,2023-09,20.54
186700,2686,80.0,1,1,Berlin,Kreuzberg,6.0,False,2023-09-07 04:09:26,False,2023-09,33.58
186747,1527,51.0,1,1,Berlin,Neukolln,5.0,False,2023-09-07 04:17:03,False,2023-09,29.94
186758,1982,61.0,3,1,Berlin,Lichtenberg,2.0,False,2023-09-07 04:18:46,False,2023-09,32.49
186720,1375,56.0,1,1,Berlin,Charlottenburg,5.0,False,2023-09-07 04:13:47,False,2023-09,24.55
211371,1468,48.0,1,1,Berlin,Wilmersdorf,2.0,False,2023-10-31 14:06:12,False,2023-10,30.58
186735,1008,82.0,4,1,Berlin,Gesundbrunnen,0.0,False,2023-09-07 04:15:29,False,2023-09,12.29
186739,2196,91.0,2,2,Berlin,Moabit,3.0,False,2023-09-07 04:15:57,False,2023-09,24.13
186749,1800,70.0,3,1,Berlin,Neukolln,1.0,False,2023-09-07 04:17:04,False,2023-09,25.71
186762,651,37.0,1,1,Berlin,Lichtenberg,6.0,False,2023-09-07 04:19:17,False,2023-09,17.59
186769,480,38.0,1,1,Berlin,Spandau,2.0,False,2023-09-07 04:21:00,False,2023-09,12.63
211436,1700,30.0,1,1,Berlin,Mitte,2.0,False,2023-10-31 14:13:41,False,2023-10,56.67
187230,1990,75.0,1,1,Berlin,Charlottenburg,0.0,False,2023-09-08 04:06:49,False,2023-09,26.53
187476,644,52.0,1,1,Berlin,Spandau,3.0,False,2023-09-08 04:47:12,False,2023-09,12.38
187461,1490,65.0,1,1,Berlin,Mitte,6.0,False,2023-09-08 04:42:39,True,2023-09,22.92
187347,1140,49.0,2,1,Berlin,Lichtenberg,1.0,False,2023-09-08 04:26:00,False,2023-09,23.27
187352,1724,70.0,3,1,Berlin,Lichtenberg,3.0,False,2023-09-08 04:26:50,False,2023-09,24.63
187807,2300,102.0,2,1,Berlin,Pankow,4.0,False,2023-09-09 04:08:31,False,2023-09,22.55
187893,1450,85.0,3,1,Berlin,Pankow,0.0,False,2023-09-09 04:21:18,False,2023-09,17.06
212169,1195,42.0,1,1,Berlin,Kreuzberg,1.0,False,2023-11-02 04:08:15,False,2023-11,28.45
211538,2290,117.0,3,2,Berlin,Lichtenberg,2.0,False,2023-10-31 23:14:17,True,2023-10,19.57
212179,1468,48.0,1,1,Berlin,Wilmersdorf,2.0,False,2023-11-02 04:10:14,False,2023-11,30.58
187921,2550,76.0,3,1,Berlin,Gesundbrunnen,3.0,False,2023-09-09 04:25:22,True,2023-09,33.55
188405,1800,62.0,1,1,Berlin,Mitte,2.0,False,2023-09-11 04:08:50,False,2023-09,29.03
187856,1500,38.0,1,1,Berlin,Neukolln,3.0,False,2023-09-09 04:14:47,False,2023-09,39.47
188201,1800,76.0,3,2,Berlin,Kreuzberg,3.0,False,2023-09-10 04:06:47,True,2023-09,23.68
188416,2440,88.0,2,2,Berlin,Mitte,2.0,False,2023-09-11 04:10:08,True,2023-09,27.73
188267,1310,70.0,1,1,Berlin,Pankow,4.0,False,2023-09-10 04:18:48,False,2023-09,18.71
188275,2013,86.0,3,1,Berlin,Lichtenberg,0.0,False,2023-09-10 04:21:04,False,2023-09,23.41
188406,1750,67.0,1,1,Berlin,Moabit,0.0,False,2023-09-11 04:08:50,False,2023-09,26.12
188232,1580,80.0,1,1,Berlin,Pankow,5.0,False,2023-09-10 04:11:03,False,2023-09,19.75
211593,2100,110.0,2,1,Berlin,Charlottenburg,4.0,False,2023-11-01 00:06:22,False,2023-11,19.09
188607,1355,42.0,1,1,Berlin,Moabit,4.0,False,2023-09-12 04:07:26,False,2023-09,32.26
188657,1475,96.0,2,1,Berlin,Pankow,4.0,False,2023-09-12 04:16:35,True,2023-09,15.36
212290,2177,58.0,2,1,Berlin,Mitte,5.0,False,2023-11-02 04:26:24,False,2023-11,37.53
188645,1991,125.0,1,1,Berlin,Schoneberg,5.0,False,2023-09-12 04:13:34,False,2023-09,15.93
188681,1830,102.0,2,1,Berlin,Spandau,4.0,False,2023-09-12 04:20:05,False,2023-09,17.94
211678,1125,55.0,2,1,Berlin,Neukolln,3.0,False,2023-11-01 04:12:31,False,2023-11,20.45
212182,875,35.0,1,1,Berlin,Lichtenberg,2.0,False,2023-11-02 04:10:37,True,2023-11,25.0
212291,1150,33.0,1,1,Berlin,Schoneberg,0.0,False,2023-11-02 04:26:25,False,2023-11,34.85
212227,954,83.0,2,1,Berlin,Charlottenburg,10.0,False,2023-11-02 04:17:18,False,2023-11,11.49
188975,1301,57.0,1,1,Berlin,Charlottenburg,1.0,False,2023-09-13 04:09:08,True,2023-09,22.82
212225,944,83.0,2,1,Berlin,Charlottenburg,1.0,False,2023-11-02 04:17:12,False,2023-11,11.37
189000,2950,102.0,2,1,Berlin,Friedrichshain,4.0,False,2023-09-13 04:13:12,False,2023-09,28.92
212219,588,47.0,1,1,Berlin,Charlottenburg,6.0,False,2023-11-02 04:16:55,False,2023-11,12.51
189132,1505,54.0,1,1,Berlin,Mitte,4.0,False,2023-09-13 04:37:59,False,2023-09,27.87
189045,2027,87.0,3,1,Berlin,Lichtenberg,0.0,False,2023-09-13 04:24:03,False,2023-09,23.3
189389,1886,87.0,1,1,Berlin,Charlottenburg,6.0,False,2023-09-14 04:08:51,False,2023-09,21.68
189400,1850,114.0,1,1,Berlin,Kreuzberg,5.0,False,2023-09-14 04:10:19,False,2023-09,16.23
189384,709,35.0,1,1,Berlin,Moabit,4.0,False,2023-09-14 04:08:11,False,2023-09,20.26
189443,2780,140.0,3,2,Berlin,Steglitz,4.0,False,2023-09-14 04:18:36,True,2023-09,19.86
212613,2154,144.0,1,1,Berlin,Charlottenburg,2.0,False,2023-11-03 04:26:13,False,2023-11,14.96
189419,1605,30.0,1,1,Berlin,Neukolln,0.0,False,2023-09-14 04:12:47,False,2023-09,53.5
189448,1450,62.0,1,1,Berlin,Spandau,2.0,False,2023-09-14 04:19:14,False,2023-09,23.39
212502,3600,85.0,3,2,Berlin,Kreuzberg,5.0,False,2023-11-03 04:09:53,False,2023-11,42.35
189429,1165,73.0,1,1,Berlin,Pankow,1.0,False,2023-09-14 04:15:46,True,2023-09,15.96
189425,2300,83.0,2,1,Berlin,Mitte,0.0,False,2023-09-14 04:14:22,False,2023-09,27.71
212605,3000,98.0,2,2,Berlin,Pankow,4.0,False,2023-11-03 04:24:59,False,2023-11,30.61
190036,4600,169.0,2,2,Berlin,Charlottenburg,2.0,False,2023-09-15 04:08:22,False,2023-09,27.22
190129,1200,75.0,2,1,Berlin,Pankow,2.0,False,2023-09-15 04:27:38,False,2023-09,16.0
190067,1899,50.0,1,1,Berlin,Moabit,1.0,False,2023-09-15 04:14:01,False,2023-09,37.98
190102,1500,38.0,1,1,Berlin,Neukolln,3.0,False,2023-09-15 04:21:49,False,2023-09,39.47
212629,1825,56.0,1,1,Berlin,Wilmersdorf,2.0,False,2023-11-03 04:28:02,False,2023-11,32.59
190117,1140,58.0,1,1,Berlin,Mitte,4.0,False,2023-09-15 04:24:56,True,2023-09,19.66
190501,1199,91.0,2,1,Berlin,Charlottenburg,2.0,False,2023-09-16 04:10:35,False,2023-09,13.18
190504,571,47.0,1,1,Berlin,Charlottenburg,5.0,False,2023-09-16 04:11:05,False,2023-09,12.15
190611,919,73.0,1,1,Berlin,Spandau,1.0,False,2023-09-16 04:31:12,False,2023-09,12.59
213211,931,29.0,1,1,Berlin,Lichtenberg,1.0,False,2023-11-04 04:16:19,False,2023-11,32.1
214030,1550,65.0,1,1,Berlin,Neukolln,0.0,False,2023-11-06 04:04:08,False,2023-11,23.85
213140,1468,48.0,1,1,Berlin,Wilmersdorf,2.0,False,2023-11-04 04:08:03,False,2023-11,30.58
190586,1325,94.0,2,1,Berlin,Steglitz,3.0,False,2023-09-16 04:25:49,False,2023-09,14.1
214067,1090,42.0,1,1,Berlin,Charlottenburg,1.0,False,2023-11-06 04:08:32,False,2023-11,25.95
213180,1495,47.0,1,1,Berlin,Neukolln,1.0,False,2023-11-04 04:11:47,False,2023-11,31.81
190548,970,39.0,2,1,Berlin,Neukolln,0.0,False,2023-09-16 04:20:24,False,2023-09,24.87
190565,1150,55.0,1,1,Berlin,Mitte,0.0,False,2023-09-16 04:23:06,False,2023-09,20.91
214054,2085,83.0,1,1,Berlin,Kreuzberg,3.0,False,2023-11-06 04:06:41,False,2023-11,25.12
214125,1195,38.0,1,1,Berlin,Pankow,1.0,False,2023-11-06 04:15:53,False,2023-11,31.45
213747,2177,58.0,2,1,Berlin,Mitte,5.0,False,2023-11-05 04:06:13,False,2023-11,37.53
191439,3208,237.0,1,1,Berlin,Mitte,5.0,False,2023-09-18 04:08:04,False,2023-09,13.54
191486,1504,41.0,1,1,Berlin,Pankow,1.0,False,2023-09-18 04:16:49,False,2023-09,36.68
191471,1100,41.0,1,1,Berlin,Pankow,0.0,False,2023-09-18 04:12:23,False,2023-09,26.83
191494,2013,86.0,3,1,Berlin,Lichtenberg,0.0,False,2023-09-18 04:18:54,False,2023-09,23.41
191432,1330,22.0,1,1,Berlin,Moabit,10.0,False,2023-09-18 04:07:10,False,2023-09,60.45
191457,1610,75.0,2,1,Berlin,Charlottenburg,4.0,False,2023-09-18 04:10:37,False,2023-09,21.47
213207,1800,124.0,2,1,Berlin,Steglitz,1.0,False,2023-11-04 04:16:10,True,2023-11,14.52
213899,1921,81.0,2,1,Berlin,Pankow,0.0,False,2023-11-05 04:24:11,False,2023-11,23.72
213331,1650,78.0,2,1,Berlin,Charlottenburg,2.0,False,2023-11-04 04:30:10,False,2023-11,21.15
214064,1468,48.0,1,1,Berlin,Wilmersdorf,2.0,False,2023-11-06 04:08:10,False,2023-11,30.58
191820,4165,222.0,3,2,Berlin,Pankow,5.0,False,2023-09-19 04:09:07,False,2023-09,18.76
191799,3330,94.0,1,1,Berlin,Wilmersdorf,6.0,False,2023-09-19 04:06:17,True,2023-09,35.43
191892,2027,87.0,3,1,Berlin,Lichtenberg,0.0,False,2023-09-19 04:21:01,False,2023-09,23.3
214083,1500,85.0,3,1,Berlin,Prenzlauer-Berg,3.0,False,2023-11-06 04:11:09,False,2023-11,17.65
213333,1753,61.0,1,1,Berlin,Friedrichshain,5.0,False,2023-11-04 04:30:14,True,2023-11,28.74
191866,1190,55.0,1,1,Berlin,Schoneberg,1.0,False,2023-09-19 04:15:46,False,2023-09,21.64
191964,1548,94.0,3,2,Berlin,Wilmersdorf,1.0,False,2023-09-19 04:33:39,False,2023-09,16.47
214123,1599,62.0,2,1,Berlin,Lichtenberg,4.0,False,2023-11-06 04:15:34,False,2023-11,25.79
192208,2320,75.0,2,1,Berlin,Kreuzberg,3.0,False,2023-09-20 04:08:09,False,2023-09,30.93
192214,2500,90.0,2,1,Berlin,Kreuzberg,1.0,False,2023-09-20 04:08:55,True,2023-09,27.78
214394,1633,63.0,1,1,Berlin,Moabit,3.0,False,2023-11-07 04:23:08,True,2023-11,25.92
214475,1559,95.0,2,1,Berlin,Pankow,2.0,False,2023-11-07 04:31:45,True,2023-11,16.41
214262,1720,50.0,1,1,Berlin,Charlottenburg,4.0,False,2023-11-07 04:05:23,True,2023-11,34.4
214264,648,32.0,1,1,Berlin,Charlottenburg,3.0,False,2023-11-07 04:05:52,True,2023-11,20.25
214272,1478,62.0,3,1,Berlin,Friedrichshain,4.0,False,2023-11-07 04:06:40,False,2023-11,23.84
214321,780,39.0,1,1,Berlin,Schoneberg,1.0,False,2023-11-07 04:12:01,False,2023-11,20.0
214421,1535,67.0,1,1,Berlin,Tempelhof,0.0,False,2023-11-07 04:26:36,False,2023-11,22.91
192901,3840,220.0,4,1,Berlin,Charlottenburg,4.0,False,2023-09-21 04:09:15,False,2023-09,17.45
192902,2720,114.0,2,2,Berlin,Charlottenburg,5.0,False,2023-09-21 04:09:24,True,2023-09,23.86
192900,2460,124.0,2,2,Berlin,Wilmersdorf,2.0,False,2023-09-21 04:09:11,False,2023-09,19.84
214464,2000,65.0,1,1,Berlin,Charlottenburg,6.0,False,2023-11-07 04:30:45,False,2023-11,30.77
214301,1230,65.0,3,1,Berlin,Mitte,3.0,False,2023-11-07 04:09:55,True,2023-11,18.92
214314,999,44.0,1,1,Berlin,Schoneberg,2.0,False,2023-11-07 04:11:23,False,2023-11,22.7
214468,2018,71.0,2,1,Berlin,Charlottenburg,1.0,False,2023-11-07 04:31:01,True,2023-11,28.42
192914,1989,67.0,1,1,Berlin,Wedding,2.0,False,2023-09-21 04:10:41,False,2023-09,29.69
192952,941,53.0,2,1,Berlin,Wedding,1.0,False,2023-09-21 04:18:49,False,2023-09,17.75
193468,2178,72.0,2,2,Berlin,Friedrichshain,0.0,False,2023-09-22 04:09:35,False,2023-09,30.25
214982,2538,86.0,2,1,Berlin,Friedrichshain,4.0,False,2023-11-08 04:06:41,False,2023-11,29.51
214951,1400,43.0,1,1,Berlin,Pankow,4.0,False,2023-11-08 04:04:12,False,2023-11,32.56
193996,1848,76.0,1,1,Berlin,Charlottenburg,5.0,False,2023-09-23 04:06:50,False,2023-09,24.32
194623,1873,79.0,3,1,Berlin,Lichtenberg,3.0,False,2023-09-24 04:24:52,False,2023-09,23.71
214978,1450,61.0,1,1,Berlin,Friedrichshain,7.0,False,2023-11-08 04:06:25,False,2023-11,23.77
194127,2300,99.0,3,2,Berlin,Spandau,1.0,False,2023-09-23 04:29:18,True,2023-09,23.23
194123,967,46.0,1,1,Berlin,Pankow,2.0,False,2023-09-23 04:28:08,True,2023-09,21.02
194128,533,41.0,1,1,Berlin,Steglitz,1.0,False,2023-09-23 04:29:37,False,2023-09,13.0
215022,1500,64.0,1,1,Berlin,Lichtenberg,4.0,False,2023-11-08 04:13:50,False,2023-11,23.44
194817,2890,104.0,3,1,Berlin,Friedrichshain,2.0,False,2023-09-25 04:11:26,False,2023-09,27.79
194840,3049,98.0,3,2,Berlin,Mitte,4.0,False,2023-09-25 04:14:26,False,2023-09,31.11
195016,1550,42.0,1,1,Berlin,Charlottenburg,2.0,False,2023-09-26 04:06:48,False,2023-09,36.9
195163,1749,110.0,2,1,Berlin,Neukolln,1.0,False,2023-09-26 04:29:50,False,2023-09,15.9
195171,1010,70.0,2,1,Berlin,Spandau,1.0,False,2023-09-26 04:30:37,False,2023-09,14.43
195090,1140,66.0,2,1,Berlin,Lichtenberg,2.0,False,2023-09-26 04:17:37,False,2023-09,17.27
195092,1669,70.0,3,1,Berlin,Lichtenberg,1.0,False,2023-09-26 04:17:48,False,2023-09,23.84
215115,2000,49.0,2,1,Berlin,Mitte,4.0,False,2023-11-08 04:24:06,False,2023-11,40.82
195462,1525,77.0,1,1,Berlin,Charlottenburg,5.0,False,2023-09-27 04:08:03,False,2023-09,19.81
195473,1680,63.0,1,1,Berlin,Kreuzberg,0.0,False,2023-09-27 04:09:36,True,2023-09,26.67
195493,1399,48.0,1,1,Berlin,Mitte,1.0,False,2023-09-27 04:15:17,False,2023-09,29.15
195542,1190,61.0,1,1,Berlin,Spandau,1.0,False,2023-09-27 04:25:03,False,2023-09,19.51
195543,1700,72.0,2,1,Berlin,Spandau,0.0,False,2023-09-27 04:25:07,False,2023-09,23.61
195511,2200,96.0,2,2,Berlin,Schoneberg,1.0,False,2023-09-27 04:18:08,False,2023-09,22.92
195513,1258,64.0,1,1,Berlin,Neukolln,5.0,False,2023-09-27 04:18:20,False,2023-09,19.66
195616,1620,106.0,3,1,Berlin,Charlottenburg,3.0,False,2023-09-27 04:38:24,False,2023-09,15.28
195625,2404,124.0,4,2,Berlin,Lichtenberg,5.0,False,2023-09-27 04:40:48,False,2023-09,19.39
195926,3042,121.0,5,2,Berlin,Kreuzberg,5.0,False,2023-09-28 04:12:48,False,2023-09,25.14
195957,1290,43.0,1,1,Berlin,Pankow,0.0,False,2023-09-28 04:21:57,False,2023-09,30.0
196055,1599,62.0,2,1,Berlin,Lichtenberg,4.0,False,2023-09-28 04:40:47,False,2023-09,25.79
215584,2150,105.0,1,1,Berlin,Schoneberg,1.0,False,2023-11-09 04:03:41,False,2023-11,20.48
196287,1033,23.0,1,1,Berlin,Charlottenburg,3.0,False,2023-09-29 04:10:28,False,2023-09,44.91
196368,1285,66.0,2,1,Berlin,Pankow,1.0,False,2023-09-29 04:27:41,True,2023-09,19.47
196307,3129,73.0,2,2,Berlin,Prenzlauer-Berg,5.0,False,2023-09-29 04:13:39,False,2023-09,42.86
215669,1400,60.0,2,1,Berlin,Spandau,4.0,False,2023-11-09 04:13:31,False,2023-11,23.33
215677,1599,62.0,2,1,Berlin,Lichtenberg,4.0,False,2023-11-09 04:14:09,False,2023-11,25.79
196781,1500,64.0,1,1,Berlin,Pankow,0.0,False,2023-09-30 04:25:21,False,2023-09,23.44
196911,1800,80.0,1,1,Berlin,Neukolln,1.0,False,2023-09-30 04:49:47,True,2023-09,22.5
197271,1480,72.0,1,1,Berlin,Neukolln,3.0,False,2023-10-01 04:35:53,True,2023-10,20.56
196742,2175,64.0,2,1,Berlin,Mitte,2.0,False,2023-09-30 04:16:10,True,2023-09,33.98
196680,1468,48.0,1,1,Berlin,Wilmersdorf,2.0,False,2023-09-30 04:06:49,False,2023-09,30.58
197505,1980,80.0,1,2,Berlin,Spandau,3.0,False,2023-10-02 04:18:04,True,2023-10,24.75
215745,398,30.0,1,1,Berlin,Neukolln,1.0,False,2023-11-09 04:21:45,False,2023-11,13.27
216376,2000,87.0,2,1,Berlin,Neukolln,1.0,False,2023-11-10 04:24:59,False,2023-11,22.99
197140,2000,68.0,2,2,Berlin,Mitte,2.0,False,2023-10-01 04:09:52,False,2023-10,29.41
197473,1334,54.0,1,1,Berlin,Moabit,2.0,False,2023-10-02 04:11:26,False,2023-10,24.7
197127,1260,35.0,1,1,Berlin,Kreuzberg,3.0,False,2023-10-01 04:07:23,False,2023-10,36.0
197474,1497,40.0,1,1,Berlin,Kreuzberg,2.0,False,2023-10-02 04:11:29,False,2023-10,37.42
216380,1468,48.0,1,1,Berlin,Wilmersdorf,2.0,False,2023-11-10 04:25:19,True,2023-11,30.58
197693,1151,29.0,1,1,Berlin,Lichtenberg,4.0,False,2023-10-03 04:21:15,False,2023-10,39.69
215760,2177,58.0,2,1,Berlin,Mitte,5.0,False,2023-11-09 04:24:03,False,2023-11,37.53
197659,980,49.0,1,1,Berlin,Kreuzberg,5.0,False,2023-10-03 04:14:51,False,2023-10,20.0
197688,1575,100.0,1,1,Berlin,Pankow,2.0,False,2023-10-03 04:20:36,True,2023-10,15.75
197695,1468,48.0,1,1,Berlin,Charlottenburg,2.0,False,2023-10-03 04:21:42,False,2023-10,30.58
197741,1640,66.0,1,1,Berlin,Mitte,4.0,False,2023-10-03 04:32:07,False,2023-10,24.85
198055,1800,67.0,1,1,Berlin,Gesundbrunnen,6.0,False,2023-10-04 04:08:52,False,2023-10,26.87
198079,3830,215.0,3,3,Berlin,Pankow,5.0,False,2023-10-04 04:11:54,False,2023-10,17.81
198092,2890,103.0,3,1,Berlin,Friedrichshain,2.0,False,2023-10-04 04:13:57,False,2023-10,28.06
198117,1658,61.0,3,1,Berlin,Lichtenberg,7.0,False,2023-10-04 04:21:42,False,2023-10,27.18
198098,790,42.0,1,1,Berlin,Schoneberg,0.0,False,2023-10-04 04:16:15,False,2023-10,18.81
198120,1698,115.0,4,1,Berlin,Spandau,3.0,False,2023-10-04 04:22:31,True,2023-10,14.77
198123,825,51.0,1,1,Berlin,Spandau,1.0,False,2023-10-04 04:23:06,False,2023-10,16.18
198163,1151,29.0,1,1,Berlin,Lichtenberg,4.0,False,2023-10-04 04:31:14,False,2023-10,39.69
198476,1350,41.0,1,1,Berlin,Friedrichshain,3.0,False,2023-10-05 04:08:39,False,2023-10,32.93
198485,1735,88.0,1,1,Berlin,Kreuzberg,5.0,False,2023-10-05 04:10:54,False,2023-10,19.72
198515,2285,65.0,1,1,Berlin,Prenzlauer-Berg,3.0,False,2023-10-05 04:17:59,False,2023-10,35.15
198514,1221,85.0,3,1,Berlin,Pankow,1.0,False,2023-10-05 04:17:51,True,2023-10,14.36
198537,1151,29.0,1,1,Berlin,Lichtenberg,4.0,False,2023-10-05 04:21:15,False,2023-10,39.69
198538,1599,62.0,2,1,Berlin,Lichtenberg,4.0,False,2023-10-05 04:21:34,False,2023-10,25.79
198954,2660,91.0,2,1,Berlin,Prenzlauer-Berg,1.0,False,2023-10-06 04:10:13,False,2023-10,29.23
198959,1468,48.0,1,1,Berlin,Charlottenburg,2.0,False,2023-10-06 04:10:49,False,2023-10,30.58
198962,3023,162.0,1,1,Berlin,Charlottenburg,3.0,False,2023-10-06 04:11:20,False,2023-10,18.66
198999,530,40.0,1,1,Berlin,Mitte,1.0,False,2023-10-06 04:17:51,False,2023-10,13.25
199023,1154,29.0,1,1,Berlin,Lichtenberg,2.0,False,2023-10-06 04:22:52,False,2023-10,39.79
199580,1950,50.0,1,1,Berlin,Charlottenburg,4.0,False,2023-10-07 04:53:41,False,2023-10,39.0
199899,900,56.0,1,1,Berlin,Neukolln,4.0,False,2023-10-08 04:17:45,False,2023-10,16.07
199411,2000,115.0,2,1,Berlin,Charlottenburg,1.0,False,2023-10-07 04:19:46,False,2023-10,17.39
199592,1154,29.0,1,1,Berlin,Lichtenberg,2.0,False,2023-10-07 04:55:33,False,2023-10,39.79
200197,1450,50.0,2,1,Berlin,Charlottenburg,3.0,False,2023-10-09 04:09:22,False,2023-10,29.0
199586,1658,61.0,3,1,Berlin,Lichtenberg,7.0,False,2023-10-07 04:54:52,False,2023-10,27.18
200247,1100,40.0,1,1,Berlin,Mitte,3.0,False,2023-10-09 04:21:09,False,2023-10,27.5
200212,1154,29.0,1,1,Berlin,Lichtenberg,2.0,False,2023-10-09 04:13:45,False,2023-10,39.79
200196,1468,48.0,1,1,Berlin,Wilmersdorf,2.0,False,2023-10-09 04:09:12,False,2023-10,30.58
200453,1304,64.0,1,1,Berlin,Charlottenburg,4.0,False,2023-10-10 04:14:05,False,2023-10,20.38
200940,1465,55.0,1,1,Berlin,Friedrichshain,0.0,False,2023-10-11 04:08:19,False,2023-10,26.64
200989,2495,90.0,2,1,Berlin,Kreuzberg,1.0,False,2023-10-11 04:17:51,False,2023-10,27.72
201014,2030,58.0,1,1,Berlin,Charlottenburg,6.0,False,2023-10-11 04:26:17,False,2023-10,35.0
201097,1987,65.0,1,1,Berlin,Charlottenburg,3.0,False,2023-10-11 04:41:42,False,2023-10,30.57
201111,2255,86.0,2,1,Berlin,Steglitz,2.0,False,2023-10-11 04:45:25,False,2023-10,26.22
201000,915,68.0,1,1,Berlin,Neukolln,4.0,False,2023-10-11 04:21:06,False,2023-10,13.46
201092,990,60.0,2,1,Berlin,Friedrichshain,4.0,False,2023-10-11 04:40:38,True,2023-10,16.5
201369,517,46.0,1,1,Berlin,Charlottenburg,0.0,False,2023-10-12 04:13:30,False,2023-10,11.24
201372,907,83.0,2,1,Berlin,Charlottenburg,7.0,False,2023-10-12 04:13:59,False,2023-10,10.93
201374,954,83.0,2,1,Berlin,Charlottenburg,6.0,False,2023-10-12 04:14:18,False,2023-10,11.49
201514,1377,78.0,2,1,Berlin,Steglitz,0.0,False,2023-10-12 04:43:49,False,2023-10,17.65
201343,1800,76.0,1,1,Berlin,Wedding,2.0,False,2023-10-12 04:09:08,False,2023-10,23.68
201402,1059,60.0,2,1,Berlin,Pankow,0.0,False,2023-10-12 04:22:12,True,2023-10,17.65
201334,2980,87.0,2,1,Berlin,Kreuzberg,5.0,False,2023-10-12 04:07:55,False,2023-10,34.25
201496,1650,40.0,1,1,Berlin,Charlottenburg,4.0,False,2023-10-12 04:40:31,False,2023-10,41.25
201413,490,35.0,1,1,Berlin,Charlottenburg,5.0,False,2023-10-12 04:24:39,False,2023-10,14.0
201418,906,29.0,1,1,Berlin,Lichtenberg,8.0,False,2023-10-12 04:25:26,False,2023-10,31.24
201764,991,63.0,1,1,Berlin,Charlottenburg,2.0,False,2023-10-13 04:08:10,False,2023-10,15.73
201855,1800,105.0,2,1,Berlin,Mitte,4.0,False,2023-10-13 04:26:45,False,2023-10,17.14
201803,1350,37.0,1,1,Berlin,Schoneberg,2.0,False,2023-10-13 04:16:48,False,2023-10,36.49
201796,2990,90.0,2,1,Berlin,Friedrichshain,3.0,False,2023-10-13 04:13:25,False,2023-10,33.22
201824,2062,88.0,2,2,Berlin,Neukolln,3.0,False,2023-10-13 04:19:59,True,2023-10,23.43
201841,990,44.0,1,1,Berlin,Mitte,4.0,False,2023-10-13 04:23:47,False,2023-10,22.5
202496,1750,72.0,2,1,Berlin,Neukolln,4.0,False,2023-10-14 04:21:12,False,2023-10,24.31
203407,2175,93.0,2,1,Berlin,Pankow,1.0,False,2023-10-16 04:12:35,False,2023-10,23.39
202612,3990,119.0,4,2,Berlin,Mitte,3.0,False,2023-10-14 04:44:42,True,2023-10,33.53
203141,1845,98.0,1,1,Berlin,Pankow,5.0,False,2023-10-15 04:14:07,False,2023-10,18.83
203145,1150,40.0,1,1,Berlin,Pankow,2.0,False,2023-10-15 04:14:36,False,2023-10,28.75
203394,810,39.0,1,1,Berlin,Charlottenburg,1.0,False,2023-10-16 04:10:36,False,2023-10,20.77
203388,1300,59.0,2,1,Berlin,Pankow,2.0,False,2023-10-16 04:09:58,False,2023-10,22.03
202543,1700,113.0,3,1,Berlin,Spandau,3.0,False,2023-10-14 04:32:37,False,2023-10,15.04
202537,1660,60.0,2,1,Berlin,Spandau,0.0,False,2023-10-14 04:31:32,True,2023-10,27.67
203111,1468,48.0,1,1,Berlin,Wilmersdorf,2.0,False,2023-10-15 04:07:05,False,2023-10,30.58
203153,1860,54.0,1,1,Berlin,Wedding,2.0,False,2023-10-15 04:16:03,False,2023-10,34.44
203414,2050,102.0,3,1,Berlin,Mitte,4.0,False,2023-10-16 04:14:44,False,2023-10,20.1
203412,1658,61.0,3,1,Berlin,Lichtenberg,7.0,False,2023-10-16 04:14:29,False,2023-10,27.18
203214,1050,55.0,1,1,Berlin,Pankow,2.0,False,2023-10-15 04:27:38,False,2023-10,19.09
203574,1375,30.0,1,1,Berlin,Kreuzberg,6.0,False,2023-10-17 04:08:12,False,2023-10,45.83
203640,1800,130.0,3,1,Berlin,Mitte,5.0,False,2023-10-17 04:21:45,False,2023-10,13.85
203594,2100,80.0,2,1,Berlin,Wedding,4.0,False,2023-10-17 04:11:21,False,2023-10,26.25
203770,1468,48.0,1,1,Berlin,Wilmersdorf,2.0,False,2023-10-17 04:47:04,False,2023-10,30.58
203656,1504,56.0,2,1,Berlin,Lichtenberg,1.0,False,2023-10-17 04:26:28,False,2023-10,26.86
203659,1750,104.0,2,2,Berlin,Lichtenberg,4.0,False,2023-10-17 04:26:37,False,2023-10,16.83
203769,2250,72.0,2,1,Berlin,Charlottenburg,6.0,False,2023-10-17 04:46:56,False,2023-10,31.25
204164,2300,70.0,1,1,Berlin,Pankow,3.0,False,2023-10-18 04:13:32,False,2023-10,32.86
204198,1904,47.0,2,1,Berlin,Mitte,1.0,False,2023-10-18 04:23:33,False,2023-10,40.51
204201,1658,61.0,3,1,Berlin,Lichtenberg,7.0,False,2023-10-18 04:23:47,False,2023-10,27.18
204342,2015,74.0,1,1,Berlin,Charlottenburg,3.0,False,2023-10-18 04:51:39,False,2023-10,27.23
204310,2280,87.0,1,2,Berlin,Charlottenburg,6.0,False,2023-10-18 04:46:30,True,2023-10,26.21
204313,4994,181.0,3,2,Berlin,Charlottenburg,3.0,False,2023-10-18 04:46:59,True,2023-10,27.59
204318,2546,97.0,3,1,Berlin,Charlottenburg,8.0,False,2023-10-18 04:47:32,True,2023-10,26.25
204775,2818,159.0,4,2,Berlin,Charlottenburg,5.0,False,2023-10-19 04:12:23,False,2023-10,17.72
204816,2167,113.0,3,1,Berlin,Lichtenberg,1.0,False,2023-10-19 04:22:17,True,2023-10,19.18
204819,2000,57.0,1,1,Berlin,Charlottenburg,2.0,False,2023-10-19 04:23:15,False,2023-10,35.09
204907,1461,67.0,2,1,Berlin,Pankow,3.0,False,2023-10-19 04:42:35,False,2023-10,21.81
204795,1600,61.0,1,1,Berlin,Wedding,4.0,False,2023-10-19 04:17:25,False,2023-10,26.23
204802,439,44.0,1,1,Berlin,Neukolln,2.0,False,2023-10-19 04:19:04,False,2023-10,9.98
205366,1630,115.0,3,2,Berlin,Kreuzberg,1.0,False,2023-10-20 04:09:53,False,2023-10,14.17
178576,1820,46.0,2,1,Berlin,Moabit,7.0,False,2023-08-18 04:13:48,False,2023-08,39.57
178825,4820,205.0,4,3,Berlin,Mitte,5.0,False,2023-08-18 04:54:56,False,2023-08,23.51
178532,1200,34.0,1,1,Berlin,Wilmersdorf,0.0,False,2023-08-18 04:06:05,False,2023-08,35.29
178233,2996,94.0,3,2,Berlin,Lichtenberg,3.0,False,2023-08-16 04:30:08,True,2023-08,31.87
178113,1820,46.0,2,1,Berlin,Moabit,7.0,False,2023-08-16 04:10:00,False,2023-08,39.57
179213,714,35.0,1,1,Berlin,Wedding,2.0,False,2023-08-19 04:48:27,False,2023-08,20.4
178146,2460,114.0,2,1,Berlin,Lichtenberg,5.0,False,2023-08-16 04:16:40,True,2023-08,21.58
178137,1900,67.0,1,1,Berlin,Tempelhof,3.0,False,2023-08-16 04:15:02,False,2023-08,28.36
179010,2180,72.0,2,2,Berlin,Kreuzberg,0.0,False,2023-08-19 04:12:27,False,2023-08,30.28
179021,2185,76.0,2,1,Berlin,Kreuzberg,1.0,False,2023-08-19 04:13:47,False,2023-08,28.75
179048,2221,148.0,5,1,Berlin,Neukolln,3.0,False,2023-08-19 04:20:24,False,2023-08,15.01
178251,2210,115.0,3,1,Berlin,Kreuzberg,2.0,False,2023-08-17 04:06:10,False,2023-08,19.22
178323,920,36.0,1,1,Berlin,Lichtenberg,3.0,False,2023-08-17 04:20:43,False,2023-08,25.56
178285,986,83.0,1,1,Berlin,Charlottenburg,1.0,False,2023-08-17 04:10:53,False,2023-08,11.88
178965,2335,115.0,2,1,Berlin,Charlottenburg,4.0,False,2023-08-19 04:07:16,False,2023-08,20.3
178282,999,83.0,2,1,Berlin,Charlottenburg,9.0,False,2023-08-17 04:10:20,False,2023-08,12.04
178274,900,56.0,2,1,Berlin,Charlottenburg,3.0,False,2023-08-17 04:09:31,False,2023-08,16.07
179076,2210,139.0,2,2,Berlin,Spandau,3.0,False,2023-08-19 04:27:06,True,2023-08,15.9
178297,1820,46.0,2,1,Berlin,Moabit,7.0,False,2023-08-17 04:15:05,False,2023-08,39.57
178586,1470,54.0,1,1,Berlin,Pankow,5.0,False,2023-08-18 04:15:06,False,2023-08,27.22
206422,2000,88.0,2,1,Berlin,Charlottenburg,1.0,False,2023-10-22 04:15:54,False,2023-10,22.73
179824,1480,50.0,2,1,Berlin,Charlottenburg,3.0,False,2023-08-21 04:11:10,False,2023-08,29.6
206567,1867,102.0,3,1,Berlin,Lichtenberg,3.0,False,2023-10-22 04:46:56,True,2023-10,18.3
179788,1700,58.0,1,1,Berlin,Friedrichshain,0.0,False,2023-08-21 04:07:04,False,2023-08,29.31
205884,2256,149.0,2,1,Berlin,Charlottenburg,4.0,False,2023-10-21 04:11:14,False,2023-10,15.14
205938,1000,49.0,2,1,Berlin,Pankow,1.0,False,2023-10-21 04:21:21,False,2023-10,20.41
206707,3510,101.0,3,2,Berlin,Charlottenburg,6.0,False,2023-10-23 04:09:31,True,2023-10,34.75
206726,2400,100.0,2,2,Berlin,Mitte,3.0,False,2023-10-23 04:12:00,False,2023-10,24.0
179783,1040,43.0,1,1,Berlin,Friedrichshain,3.0,False,2023-08-21 04:06:23,False,2023-08,24.19
206573,1370,84.0,3,2,Berlin,Spandau,1.0,False,2023-10-22 04:47:52,False,2023-10,16.31
179782,1200,60.0,1,1,Berlin,Friedrichshain,4.0,False,2023-08-21 04:06:21,False,2023-08,20.0
206063,780,65.0,1,1,Berlin,Tempelhof,3.0,False,2023-10-21 04:49:29,False,2023-10,12.0
205861,1760,52.0,1,1,Berlin,Kreuzberg,2.0,False,2023-10-21 04:08:08,False,2023-10,33.85
206697,3600,140.0,3,2,Berlin,Kreuzberg,4.0,False,2023-10-23 04:06:34,True,2023-10,25.71
217492,750,44.0,1,1,Berlin,Pankow,1.0,False,2023-11-12 04:13:29,False,2023-11,17.05
206414,2200,63.0,1,1,Berlin,Moabit,1.0,False,2023-10-22 04:14:16,False,2023-10,34.92
217456,2620,115.0,2,1,Berlin,Prenzlauer-Berg,2.0,False,2023-11-12 04:09:32,False,2023-11,22.78
206728,850,35.0,1,1,Berlin,Neukolln,3.0,False,2023-10-23 04:12:26,True,2023-10,24.29
206736,2120,83.0,3,1,Berlin,Pankow,4.0,False,2023-10-23 04:13:25,False,2023-10,25.54
216868,1877,75.0,1,1,Berlin,Prenzlauer-Berg,6.0,False,2023-11-11 04:15:28,False,2023-11,25.03
205856,1650,55.0,2,1,Berlin,Kreuzberg,5.0,False,2023-10-21 04:07:35,True,2023-10,30.0
206698,1800,35.0,1,1,Berlin,Kreuzberg,2.0,False,2023-10-23 04:06:45,False,2023-10,51.43
206710,2100,72.0,1,1,Berlin,Charlottenburg,6.0,False,2023-10-23 04:10:02,False,2023-10,29.17
216790,3293,111.0,3,2,Berlin,Moabit,2.0,False,2023-11-11 04:05:07,False,2023-11,29.67
179855,1230,55.0,1,1,Berlin,Wedding,0.0,False,2023-08-21 04:16:26,False,2023-08,22.36
205948,1600,56.0,1,1,Berlin,Charlottenburg,0.0,False,2023-10-21 04:23:51,False,2023-10,28.57
179993,2000,57.0,1,1,Berlin,Wilmersdorf,5.0,False,2023-08-22 04:12:07,False,2023-08,35.09
206065,999,63.0,1,1,Berlin,Spandau,3.0,False,2023-10-21 04:50:01,False,2023-10,15.86
179957,1750,62.0,1,1,Berlin,Friedrichshain,0.0,False,2023-08-22 04:07:02,False,2023-08,28.23
217759,2177,58.0,2,1,Berlin,Mitte,5.0,False,2023-11-13 04:06:47,False,2023-11,37.53
180022,970,80.0,1,1,Berlin,Spandau,2.0,False,2023-08-22 04:20:15,True,2023-08,12.12
179969,654,42.0,1,1,Berlin,Wedding,4.0,False,2023-08-22 04:08:34,False,2023-08,15.57
206887,1950,85.0,2,1,Berlin,Kreuzberg,1.0,False,2023-10-24 04:07:48,False,2023-10,22.94
217605,2185,84.0,1,1,Berlin,Neukolln,5.0,False,2023-11-12 04:29:57,False,2023-11,26.01
207029,3219,83.0,2,1,Berlin,Mitte,3.0,False,2023-10-24 04:43:39,False,2023-10,38.78
216876,1151,29.0,1,1,Berlin,Lichtenberg,4.0,False,2023-11-11 04:16:16,False,2023-11,39.69
216959,2670,87.0,1,1,Berlin,Schoneberg,3.0,False,2023-11-11 04:26:30,False,2023-11,30.69
206894,2800,116.0,3,2,Berlin,Kreuzberg,4.0,False,2023-10-24 04:08:58,False,2023-10,24.14
217751,1626,50.0,2,1,Berlin,Prenzlauer-Berg,4.0,False,2023-11-13 04:06:02,False,2023-11,32.52
206975,1850,63.0,1,1,Berlin,Steglitz,1.0,False,2023-10-24 04:30:02,False,2023-10,29.37
180359,2100,119.0,2,1,Berlin,Neukolln,4.0,False,2023-08-23 04:13:59,False,2023-08,17.65
206917,1468,48.0,1,1,Berlin,Wilmersdorf,2.0,False,2023-10-24 04:16:26,False,2023-10,30.58
206943,1199,79.0,2,1,Berlin,Neukolln,1.0,False,2023-10-24 04:20:31,False,2023-10,15.18
206923,2200,86.0,2,1,Berlin,Wilmersdorf,1.0,False,2023-10-24 04:17:31,False,2023-10,25.58
180393,2665,139.0,3,2,Berlin,Lichtenberg,5.0,False,2023-08-23 04:20:50,False,2023-08,19.17
180406,1940,46.0,1,1,Berlin,Prenzlauer-Berg,0.0,False,2023-08-23 04:22:21,False,2023-08,42.17
217432,950,41.0,1,1,Berlin,Tempelhof,4.0,False,2023-11-12 04:05:21,False,2023-11,23.17
180394,1650,90.0,2,2,Berlin,Lichtenberg,4.0,False,2023-08-23 04:20:58,False,2023-08,18.33
180412,2250,112.0,3,1,Berlin,Prenzlauer-Berg,2.0,False,2023-08-23 04:23:25,False,2023-08,20.09
216969,917,83.0,2,1,Berlin,Charlottenburg,2.0,False,2023-11-11 04:27:37,False,2023-11,11.05
216982,1280,30.0,1,1,Berlin,Friedrichshain,6.0,False,2023-11-11 04:30:12,False,2023-11,42.67
180416,2160,96.0,1,2,Berlin,Spandau,4.0,False,2023-08-23 04:23:58,True,2023-08,22.5
180496,2970,92.0,1,1,Berlin,Pankow,1.0,False,2023-08-23 04:39:22,False,2023-08,32.28
217752,3090,109.0,1,1,Berlin,Prenzlauer-Berg,4.0,False,2023-11-13 04:06:08,False,2023-11,28.35
180774,1260,57.0,2,1,Berlin,Pankow,2.0,False,2023-08-24 04:11:08,False,2023-08,22.11
180818,1820,46.0,2,1,Berlin,Mitte,7.0,False,2023-08-24 04:17:54,False,2023-08,39.57
180941,1000,63.0,1,1,Berlin,Spandau,1.0,False,2023-08-24 04:39:06,True,2023-08,15.87
217444,2200,77.0,2,1,Berlin,Pankow,4.0,False,2023-11-12 04:08:10,False,2023-11,28.57
217755,1400,47.0,1,1,Berlin,Prenzlauer-Berg,0.0,False,2023-11-13 04:06:26,False,2023-11,29.79
217542,1310,48.0,1,1,Berlin,Pankow,1.0,False,2023-11-12 04:21:25,False,2023-11,27.29
217749,1500,95.0,2,1,Berlin,Mitte,3.0,False,2023-11-13 04:05:43,False,2023-11,15.79
181095,2392,84.0,2,1,Berlin,Charlottenburg,4.0,False,2023-08-25 04:09:31,False,2023-08,28.48
181099,4630,240.0,4,2,Berlin,Charlottenburg,2.0,False,2023-08-25 04:10:13,False,2023-08,19.29
181108,2180,72.0,2,2,Berlin,Friedrichshain,0.0,False,2023-08-25 04:11:17,False,2023-08,30.28
181078,548,37.0,1,1,Berlin,Wedding,4.0,False,2023-08-25 04:07:19,False,2023-08,14.81
181102,1580,51.0,1,1,Berlin,Friedrichshain,2.0,False,2023-08-25 04:10:42,False,2023-08,30.98
217741,1138,49.0,1,1,Berlin,Mitte,0.0,False,2023-11-13 04:04:53,False,2023-11,23.22
181131,2100,80.0,2,2,Berlin,Schoneberg,3.0,False,2023-08-25 04:14:03,False,2023-08,26.25
207586,470,35.0,1,1,Berlin,Spandau,2.0,False,2023-10-25 04:45:01,False,2023-10,13.43
207591,685,58.0,1,1,Berlin,Gesundbrunnen,2.0,False,2023-10-25 04:46:03,False,2023-10,11.81
181152,380,30.0,1,1,Berlin,Neukolln,3.0,False,2023-08-25 04:18:18,False,2023-08,12.67
207464,750,23.0,1,1,Berlin,Neukolln,4.0,False,2023-10-25 04:17:32,False,2023-10,32.61
181624,2180,72.0,2,2,Berlin,Kreuzberg,0.0,False,2023-08-26 04:08:22,False,2023-08,30.28
181631,1800,57.0,2,1,Berlin,Kreuzberg,3.0,False,2023-08-26 04:09:25,False,2023-08,31.58
181728,986,62.0,2,1,Berlin,Tempelhof,0.0,False,2023-08-26 04:23:50,False,2023-08,15.9
181751,1000,65.0,2,1,Berlin,Mitte,1.0,False,2023-08-26 04:28:40,False,2023-08,15.38
207457,2640,90.0,2,1,Berlin,Kreuzberg,3.0,False,2023-10-25 04:15:38,False,2023-10,29.33
182024,1500,60.0,1,1,Berlin,Pankow,5.0,False,2023-08-27 04:12:30,True,2023-08,25.0
182405,2400,96.0,2,1,Berlin,Mitte,5.0,False,2023-08-28 04:07:48,False,2023-08,25.0
182433,2900,144.0,3,2,Berlin,Wilmersdorf,4.0,False,2023-08-28 04:11:29,False,2023-08,20.14
207613,668,56.0,2,1,Berlin,Gesundbrunnen,2.0,False,2023-10-25 04:50:47,False,2023-10,11.93
181734,480,33.0,1,1,Berlin,Lichtenberg,2.0,False,2023-08-26 04:24:26,False,2023-08,14.55
181853,2160,142.0,4,2,Berlin,Charlottenburg,4.0,False,2023-08-26 04:42:02,False,2023-08,15.21
181994,1875,75.0,1,1,Berlin,Friedrichshain,0.0,False,2023-08-27 04:07:08,False,2023-08,25.0
182092,1285,77.0,2,2,Berlin,Spandau,4.0,False,2023-08-27 04:22:46,False,2023-08,16.69
182402,2000,125.0,4,2,Berlin,Friedrichshain,1.0,False,2023-08-28 04:07:15,False,2023-08,16.0
181882,2000,61.0,1,1,Berlin,Mitte,4.0,False,2023-08-26 04:46:10,False,2023-08,32.79
182050,1443,78.0,1,1,Berlin,Lichtenberg,1.0,False,2023-08-27 04:15:51,False,2023-08,18.5
181987,1890,70.0,2,1,Berlin,Friedrichshain,2.0,False,2023-08-27 04:06:22,False,2023-08,27.0
182416,2290,117.0,2,2,Berlin,Mitte,2.0,False,2023-08-28 04:09:12,False,2023-08,19.57
207808,2598,143.0,3,2,Berlin,Lichtenberg,1.0,False,2023-10-26 04:08:38,True,2023-10,18.17
182670,900,43.0,1,1,Berlin,Charlottenburg,0.0,False,2023-08-29 04:09:07,False,2023-08,20.93
182682,630,40.0,1,1,Berlin,Charlottenburg,1.0,False,2023-08-29 04:10:38,False,2023-08,15.75
182686,1250,42.0,1,1,Berlin,Schoneberg,5.0,False,2023-08-29 04:11:49,False,2023-08,29.76
182657,1800,45.0,1,1,Berlin,Wedding,4.0,False,2023-08-29 04:07:39,False,2023-08,40.0
182708,1185,53.0,1,1,Berlin,Lichtenberg,3.0,False,2023-08-29 04:15:39,False,2023-08,22.36
207934,875,71.0,2,1,Berlin,Pankow,0.0,False,2023-10-26 04:35:02,False,2023-10,12.32
182704,679,34.0,1,1,Berlin,Lichtenberg,0.0,False,2023-08-29 04:15:06,False,2023-08,19.97
182705,1507,130.0,2,1,Berlin,Pankow,1.0,False,2023-08-29 04:15:06,False,2023-08,11.59
208501,1345,30.0,1,1,Berlin,Friedrichshain,6.0,False,2023-10-27 04:08:53,False,2023-10,44.83
183097,1751,60.0,1,1,Berlin,Kreuzberg,5.0,False,2023-08-30 04:06:40,True,2023-08,29.18
208538,1468,48.0,1,1,Berlin,Wilmersdorf,2.0,False,2023-10-27 04:18:02,False,2023-10,30.58
208645,756,83.0,3,1,Berlin,Neukolln,8.0,False,2023-10-27 04:44:04,False,2023-10,9.11
183141,1700,80.0,1,1,Berlin,Neukolln,1.0,False,2023-08-30 04:14:03,False,2023-08,21.25
183287,1750,85.0,1,1,Berlin,Pankow,1.0,False,2023-08-30 04:35:40,True,2023-08,20.59
183109,2630,94.0,2,2,Berlin,Pankow,2.0,False,2023-08-30 04:10:01,False,2023-08,27.98
183168,1360,85.0,1,1,Berlin,Lichtenberg,2.0,False,2023-08-30 04:18:18,False,2023-08,16.0
183576,2180,72.0,2,2,Berlin,Friedrichshain,0.0,False,2023-08-31 04:09:39,False,2023-08,30.28
183586,1690,69.0,1,1,Berlin,Friedrichshain,3.0,False,2023-08-31 04:11:06,False,2023-08,24.49
209880,1450,61.0,1,1,Berlin,Pankow,0.0,False,2023-10-30 04:12:13,False,2023-10,23.77
183614,2130,64.0,1,1,Berlin,Schoneberg,2.0,False,2023-08-31 04:17:22,False,2023-08,33.28
183629,1250,44.0,1,1,Berlin,Pankow,1.0,False,2023-08-31 04:20:53,False,2023-08,28.41
209090,1468,76.0,2,1,Berlin,Lichtenberg,1.0,False,2023-10-28 04:30:24,False,2023-10,19.32
209092,1599,62.0,2,1,Berlin,Lichtenberg,4.0,False,2023-10-28 04:30:40,False,2023-10,25.79
183637,1662,81.0,1,1,Berlin,Pankow,2.0,False,2023-08-31 04:22:10,False,2023-08,20.52
209088,1556,47.0,1,1,Berlin,Charlottenburg,5.0,False,2023-10-28 04:29:52,False,2023-10,33.11
209874,1790,95.0,4,1,Berlin,Neukolln,2.0,False,2023-10-30 04:10:59,False,2023-10,18.84
183633,1650,50.0,1,1,Berlin,Pankow,1.0,False,2023-08-31 04:21:25,False,2023-08,33.0
183634,2936,148.0,3,2,Berlin,Pankow,4.0,False,2023-08-31 04:21:31,True,2023-08,19.84
